district_id,district_name,state_abbr,state_name,probability,margin,dem_name,dem_incumbent,rep_name,rep_incumbent,rcp_dem,rcp_rep,kalshi_dem,kalshi_rep,poly_dem,poly_rep,history_sep,history_oct,history_nov,history_dec,history_jan,history_feb,history_mar
0101,AL-1,AL,Alabama,,,,,,,,,,,,,,,,,,,
0102,AL-2,AL,Alabama,,,,,,,,,,,,,,,,,,,
0103,AL-3,AL,Alabama,,,,,,,,,,,,,,,,,,,
0104,AL-4,AL,Alabama,,,,,,,,,,,,,,,,,,,
0105,AL-5,AL,Alabama,,,,,,,,,,,,,,,,,,,
0106,AL-6,AL,Alabama,,,,,,,,,,,,,,,,,,,
0107,AL-7,AL,Alabama,,,,,,,,,,,,,,,,,,,
0200,AK-AL,AK,Alaska,,,,,,,,,,,,,,,,,,,
0401,AZ-1,AZ,Arizona,,,,,,,,,,,,,,,,,,,
0402,AZ-2,AZ,Arizona,,,,,,,,,,,,,,,,,,,
0403,AZ-3,AZ,Arizona,,,,,,,,,,,,,,,,,,,
0404,AZ-4,AZ,Arizona,,,,,,,,,,,,,,,,,,,
0405,AZ-5,AZ,Arizona,,,,,,,,,,,,,,,,,,,
0406,AZ-6,AZ,Arizona,,,,,,,,,,,,,,,,,,,
0407,AZ-7,AZ,Arizona,,,,,,,,,,,,,,,,,,,
0408,AZ-8,AZ,Arizona,,,,,,,,,,,,,,,,,,,
0409,AZ-9,AZ,Arizona,,,,,,,,,,,,,,,,,,,
0501,AR-1,AR,Arkansas,,,,,,,,,,,,,,,,,,,
0502,AR-2,AR,Arkansas,,,,,,,,,,,,,,,,,,,
0503,AR-3,AR,Arkansas,,,,,,,,,,,,,,,,,,,
0504,AR-4,AR,Arkansas,,,,,,,,,,,,,,,,,,,
0601,CA-1,CA,California,,,,,,,,,,,,,,,,,,,
0602,CA-2,CA,California,,,,,,,,,,,,,,,,,,,
0603,CA-3,CA,California,,,,,,,,,,,,,,,,,,,
0604,CA-4,CA,California,,,,,,,,,,,,,,,,,,,
0605,CA-5,CA,California,,,,,,,,,,,,,,,,,,,
0606,CA-6,CA,California,,,,,,,,,,,,,,,,,,,
0607,CA-7,CA,California,,,,,,,,,,,,,,,,,,,
0608,CA-8,CA,California,,,,,,,,,,,,,,,,,,,
0609,CA-9,CA,California,,,,,,,,,,,,,,,,,,,
0610,CA-10,CA,California,,,,,,,,,,,,,,,,,,,
0611,CA-11,CA,California,,,,,,,,,,,,,,,,,,,
0612,CA-12,CA,California,,,,,,,,,,,,,,,,,,,
0613,CA-13,CA,California,,,,,,,,,,,,,,,,,,,
0614,CA-14,CA,California,,,,,,,,,,,,,,,,,,,
0615,CA-15,CA,California,,,,,,,,,,,,,,,,,,,
0616,CA-16,CA,California,,,,,,,,,,,,,,,,,,,
0617,CA-17,CA,California,,,,,,,,,,,,,,,,,,,
0618,CA-18,CA,California,,,,,,,,,,,,,,,,,,,
0619,CA-19,CA,California,,,,,,,,,,,,,,,,,,,
0620,CA-20,CA,California,,,,,,,,,,,,,,,,,,,
0621,CA-21,CA,California,,,,,,,,,,,,,,,,,,,
0622,CA-22,CA,California,,,,,,,,,,,,,,,,,,,
0623,CA-23,CA,California,,,,,,,,,,,,,,,,,,,
0624,CA-24,CA,California,,,,,,,,,,,,,,,,,,,
0625,CA-25,CA,California,,,,,,,,,,,,,,,,,,,
0626,CA-26,CA,California,,,,,,,,,,,,,,,,,,,
0627,CA-27,CA,California,,,,,,,,,,,,,,,,,,,
0628,CA-28,CA,California,,,,,,,,,,,,,,,,,,,
0629,CA-29,CA,California,,,,,,,,,,,,,,,,,,,
0630,CA-30,CA,California,,,,,,,,,,,,,,,,,,,
0631,CA-31,CA,California,,,,,,,,,,,,,,,,,,,
0632,CA-32,CA,California,,,,,,,,,,,,,,,,,,,
0633,CA-33,CA,California,,,,,,,,,,,,,,,,,,,
0634,CA-34,CA,California,,,,,,,,,,,,,,,,,,,
0635,CA-35,CA,California,,,,,,,,,,,,,,,,,,,
0636,CA-36,CA,California,,,,,,,,,,,,,,,,,,,
0637,CA-37,CA,California,,,,,,,,,,,,,,,,,,,
0638,CA-38,CA,California,,,,,,,,,,,,,,,,,,,
0639,CA-39,CA,California,,,,,,,,,,,,,,,,,,,
0640,CA-40,CA,California,,,,,,,,,,,,,,,,,,,
0641,CA-41,CA,California,,,,,,,,,,,,,,,,,,,
0642,CA-42,CA,California,,,,,,,,,,,,,,,,,,,
0643,CA-43,CA,California,,,,,,,,,,,,,,,,,,,
0644,CA-44,CA,California,,,,,,,,,,,,,,,,,,,
0645,CA-45,CA,California,,,,,,,,,,,,,,,,,,,
0646,CA-46,CA,California,,,,,,,,,,,,,,,,,,,
0647,CA-47,CA,California,,,,,,,,,,,,,,,,,,,
0648,CA-48,CA,California,,,,,,,,,,,,,,,,,,,
0649,CA-49,CA,California,,,,,,,,,,,,,,,,,,,
0650,CA-50,CA,California,,,,,,,,,,,,,,,,,,,
0651,CA-51,CA,California,,,,,,,,,,,,,,,,,,,
0652,CA-52,CA,California,,,,,,,,,,,,,,,,,,,
0801,CO-1,CO,Colorado,,,,,,,,,,,,,,,,,,,
0802,CO-2,CO,Colorado,,,,,,,,,,,,,,,,,,,
0803,CO-3,CO,Colorado,,,,,,,,,,,,,,,,,,,
0804,CO-4,CO,Colorado,,,,,,,,,,,,,,,,,,,
0805,CO-5,CO,Colorado,,,,,,,,,,,,,,,,,,,
0806,CO-6,CO,Colorado,,,,,,,,,,,,,,,,,,,
0807,CO-7,CO,Colorado,,,,,,,,,,,,,,,,,,,
0808,CO-8,CO,Colorado,,,,,,,,,,,,,,,,,,,
0901,CT-1,CT,Connecticut,,,,,,,,,,,,,,,,,,,
0902,CT-2,CT,Connecticut,,,,,,,,,,,,,,,,,,,
0903,CT-3,CT,Connecticut,,,,,,,,,,,,,,,,,,,
0904,CT-4,CT,Connecticut,,,,,,,,,,,,,,,,,,,
0905,CT-5,CT,Connecticut,,,,,,,,,,,,,,,,,,,
1000,DE-AL,DE,Delaware,,,,,,,,,,,,,,,,,,,
1201,FL-1,FL,Florida,,,,,,,,,,,,,,,,,,,
1202,FL-2,FL,Florida,,,,,,,,,,,,,,,,,,,
1203,FL-3,FL,Florida,,,,,,,,,,,,,,,,,,,
1204,FL-4,FL,Florida,,,,,,,,,,,,,,,,,,,
1205,FL-5,FL,Florida,,,,,,,,,,,,,,,,,,,
1206,FL-6,FL,Florida,,,,,,,,,,,,,,,,,,,
1207,FL-7,FL,Florida,,,,,,,,,,,,,,,,,,,
1208,FL-8,FL,Florida,,,,,,,,,,,,,,,,,,,
1209,FL-9,FL,Florida,,,,,,,,,,,,,,,,,,,
1210,FL-10,FL,Florida,,,,,,,,,,,,,,,,,,,
1211,FL-11,FL,Florida,,,,,,,,,,,,,,,,,,,
1212,FL-12,FL,Florida,,,,,,,,,,,,,,,,,,,
1213,FL-13,FL,Florida,,,,,,,,,,,,,,,,,,,
1214,FL-14,FL,Florida,,,,,,,,,,,,,,,,,,,
1215,FL-15,FL,Florida,,,,,,,,,,,,,,,,,,,
1216,FL-16,FL,Florida,,,,,,,,,,,,,,,,,,,
1217,FL-17,FL,Florida,,,,,,,,,,,,,,,,,,,
1218,FL-18,FL,Florida,,,,,,,,,,,,,,,,,,,
1219,FL-19,FL,Florida,,,,,,,,,,,,,,,,,,,
1220,FL-20,FL,Florida,,,,,,,,,,,,,,,,,,,
1221,FL-21,FL,Florida,,,,,,,,,,,,,,,,,,,
1222,FL-22,FL,Florida,,,,,,,,,,,,,,,,,,,
1223,FL-23,FL,Florida,,,,,,,,,,,,,,,,,,,
1224,FL-24,FL,Florida,,,,,,,,,,,,,,,,,,,
1225,FL-25,FL,Florida,,,,,,,,,,,,,,,,,,,
1226,FL-26,FL,Florida,,,,,,,,,,,,,,,,,,,
1227,FL-27,FL,Florida,,,,,,,,,,,,,,,,,,,
1228,FL-28,FL,Florida,,,,,,,,,,,,,,,,,,,
1301,GA-1,GA,Georgia,,,,,,,,,,,,,,,,,,,
1302,GA-2,GA,Georgia,,,,,,,,,,,,,,,,,,,
1303,GA-3,GA,Georgia,,,,,,,,,,,,,,,,,,,
1304,GA-4,GA,Georgia,,,,,,,,,,,,,,,,,,,
1305,GA-5,GA,Georgia,,,,,,,,,,,,,,,,,,,
1306,GA-6,GA,Georgia,,,,,,,,,,,,,,,,,,,
1307,GA-7,GA,Georgia,,,,,,,,,,,,,,,,,,,
1308,GA-8,GA,Georgia,,,,,,,,,,,,,,,,,,,
1309,GA-9,GA,Georgia,,,,,,,,,,,,,,,,,,,
1310,GA-10,GA,Georgia,,,,,,,,,,,,,,,,,,,
1311,GA-11,GA,Georgia,,,,,,,,,,,,,,,,,,,
1312,GA-12,GA,Georgia,,,,,,,,,,,,,,,,,,,
1313,GA-13,GA,Georgia,,,,,,,,,,,,,,,,,,,
1314,GA-14,GA,Georgia,,,,,,,,,,,,,,,,,,,
1501,HI-1,HI,Hawaii,,,,,,,,,,,,,,,,,,,
1502,HI-2,HI,Hawaii,,,,,,,,,,,,,,,,,,,
1601,ID-1,ID,Idaho,,,,,,,,,,,,,,,,,,,
1602,ID-2,ID,Idaho,,,,,,,,,,,,,,,,,,,
1701,IL-1,IL,Illinois,,,,,,,,,,,,,,,,,,,
1702,IL-2,IL,Illinois,,,,,,,,,,,,,,,,,,,
1703,IL-3,IL,Illinois,,,,,,,,,,,,,,,,,,,
1704,IL-4,IL,Illinois,,,,,,,,,,,,,,,,,,,
1705,IL-5,IL,Illinois,,,,,,,,,,,,,,,,,,,
1706,IL-6,IL,Illinois,,,,,,,,,,,,,,,,,,,
1707,IL-7,IL,Illinois,,,,,,,,,,,,,,,,,,,
1708,IL-8,IL,Illinois,,,,,,,,,,,,,,,,,,,
1709,IL-9,IL,Illinois,,,,,,,,,,,,,,,,,,,
1710,IL-10,IL,Illinois,,,,,,,,,,,,,,,,,,,
1711,IL-11,IL,Illinois,,,,,,,,,,,,,,,,,,,
1712,IL-12,IL,Illinois,,,,,,,,,,,,,,,,,,,
1713,IL-13,IL,Illinois,,,,,,,,,,,,,,,,,,,
1714,IL-14,IL,Illinois,,,,,,,,,,,,,,,,,,,
1715,IL-15,IL,Illinois,,,,,,,,,,,,,,,,,,,
1716,IL-16,IL,Illinois,,,,,,,,,,,,,,,,,,,
1717,IL-17,IL,Illinois,,,,,,,,,,,,,,,,,,,
1801,IN-1,IN,Indiana,,,,,,,,,,,,,,,,,,,
1802,IN-2,IN,Indiana,,,,,,,,,,,,,,,,,,,
1803,IN-3,IN,Indiana,,,,,,,,,,,,,,,,,,,
1804,IN-4,IN,Indiana,,,,,,,,,,,,,,,,,,,
1805,IN-5,IN,Indiana,,,,,,,,,,,,,,,,,,,
1806,IN-6,IN,Indiana,,,,,,,,,,,,,,,,,,,
1807,IN-7,IN,Indiana,,,,,,,,,,,,,,,,,,,
1808,IN-8,IN,Indiana,,,,,,,,,,,,,,,,,,,
1809,IN-9,IN,Indiana,,,,,,,,,,,,,,,,,,,
1901,IA-1,IA,Iowa,,,,,,,,,,,,,,,,,,,
1902,IA-2,IA,Iowa,,,,,,,,,,,,,,,,,,,
1903,IA-3,IA,Iowa,,,,,,,,,,,,,,,,,,,
1904,IA-4,IA,Iowa,,,,,,,,,,,,,,,,,,,
2001,KS-1,KS,Kansas,,,,,,,,,,,,,,,,,,,
2002,KS-2,KS,Kansas,,,,,,,,,,,,,,,,,,,
2003,KS-3,KS,Kansas,,,,,,,,,,,,,,,,,,,
2004,KS-4,KS,Kansas,,,,,,,,,,,,,,,,,,,
2101,KY-1,KY,Kentucky,,,,,,,,,,,,,,,,,,,
2102,KY-2,KY,Kentucky,,,,,,,,,,,,,,,,,,,
2103,KY-3,KY,Kentucky,,,,,,,,,,,,,,,,,,,
2104,KY-4,KY,Kentucky,,,,,,,,,,,,,,,,,,,
2105,KY-5,KY,Kentucky,,,,,,,,,,,,,,,,,,,
2106,KY-6,KY,Kentucky,,,,,,,,,,,,,,,,,,,
2201,LA-1,LA,Louisiana,,,,,,,,,,,,,,,,,,,
2202,LA-2,LA,Louisiana,,,,,,,,,,,,,,,,,,,
2203,LA-3,LA,Louisiana,,,,,,,,,,,,,,,,,,,
2204,LA-4,LA,Louisiana,,,,,,,,,,,,,,,,,,,
2205,LA-5,LA,Louisiana,,,,,,,,,,,,,,,,,,,
2206,LA-6,LA,Louisiana,,,,,,,,,,,,,,,,,,,
2301,ME-1,ME,Maine,,,,,,,,,,,,,,,,,,,
2302,ME-2,ME,Maine,,,,,,,,,,,,,,,,,,,
2401,MD-1,MD,Maryland,,,,,,,,,,,,,,,,,,,
2402,MD-2,MD,Maryland,,,,,,,,,,,,,,,,,,,
2403,MD-3,MD,Maryland,,,,,,,,,,,,,,,,,,,
2404,MD-4,MD,Maryland,,,,,,,,,,,,,,,,,,,
2405,MD-5,MD,Maryland,,,,,,,,,,,,,,,,,,,
2406,MD-6,MD,Maryland,,,,,,,,,,,,,,,,,,,
2407,MD-7,MD,Maryland,,,,,,,,,,,,,,,,,,,
2408,MD-8,MD,Maryland,,,,,,,,,,,,,,,,,,,
2501,MA-1,MA,Massachusetts,,,,,,,,,,,,,,,,,,,
2502,MA-2,MA,Massachusetts,,,,,,,,,,,,,,,,,,,
2503,MA-3,MA,Massachusetts,,,,,,,,,,,,,,,,,,,
2504,MA-4,MA,Massachusetts,,,,,,,,,,,,,,,,,,,
2505,MA-5,MA,Massachusetts,,,,,,,,,,,,,,,,,,,
2506,MA-6,MA,Massachusetts,,,,,,,,,,,,,,,,,,,
2507,MA-7,MA,Massachusetts,,,,,,,,,,,,,,,,,,,
2508,MA-8,MA,Massachusetts,,,,,,,,,,,,,,,,,,,
2509,MA-9,MA,Massachusetts,,,,,,,,,,,,,,,,,,,
2601,MI-1,MI,Michigan,,,,,,,,,,,,,,,,,,,
2602,MI-2,MI,Michigan,,,,,,,,,,,,,,,,,,,
2603,MI-3,MI,Michigan,,,,,,,,,,,,,,,,,,,
2604,MI-4,MI,Michigan,,,,,,,,,,,,,,,,,,,
2605,MI-5,MI,Michigan,,,,,,,,,,,,,,,,,,,
2606,MI-6,MI,Michigan,,,,,,,,,,,,,,,,,,,
2607,MI-7,MI,Michigan,,,,,,,,,,,,,,,,,,,
2608,MI-8,MI,Michigan,,,,,,,,,,,,,,,,,,,
2609,MI-9,MI,Michigan,,,,,,,,,,,,,,,,,,,
2610,MI-10,MI,Michigan,,,,,,,,,,,,,,,,,,,
2611,MI-11,MI,Michigan,,,,,,,,,,,,,,,,,,,
2612,MI-12,MI,Michigan,,,,,,,,,,,,,,,,,,,
2613,MI-13,MI,Michigan,,,,,,,,,,,,,,,,,,,
2701,MN-1,MN,Minnesota,,,,,,,,,,,,,,,,,,,
2702,MN-2,MN,Minnesota,,,,,,,,,,,,,,,,,,,
2703,MN-3,MN,Minnesota,,,,,,,,,,,,,,,,,,,
2704,MN-4,MN,Minnesota,,,,,,,,,,,,,,,,,,,
2705,MN-5,MN,Minnesota,,,,,,,,,,,,,,,,,,,
2706,MN-6,MN,Minnesota,,,,,,,,,,,,,,,,,,,
2707,MN-7,MN,Minnesota,,,,,,,,,,,,,,,,,,,
2708,MN-8,MN,Minnesota,,,,,,,,,,,,,,,,,,,
2801,MS-1,MS,Mississippi,,,,,,,,,,,,,,,,,,,
2802,MS-2,MS,Mississippi,,,,,,,,,,,,,,,,,,,
2803,MS-3,MS,Mississippi,,,,,,,,,,,,,,,,,,,
2804,MS-4,MS,Mississippi,,,,,,,,,,,,,,,,,,,
2901,MO-1,MO,Missouri,,,,,,,,,,,,,,,,,,,
2902,MO-2,MO,Missouri,,,,,,,,,,,,,,,,,,,
2903,MO-3,MO,Missouri,,,,,,,,,,,,,,,,,,,
2904,MO-4,MO,Missouri,,,,,,,,,,,,,,,,,,,
2905,MO-5,MO,Missouri,,,,,,,,,,,,,,,,,,,
2906,MO-6,MO,Missouri,,,,,,,,,,,,,,,,,,,
2907,MO-7,MO,Missouri,,,,,,,,,,,,,,,,,,,
2908,MO-8,MO,Missouri,,,,,,,,,,,,,,,,,,,
3001,MT-1,MT,Montana,,,,,,,,,,,,,,,,,,,
3002,MT-2,MT,Montana,,,,,,,,,,,,,,,,,,,
3101,NE-1,NE,Nebraska,,,,,,,,,,,,,,,,,,,
3102,NE-2,NE,Nebraska,,,,,,,,,,,,,,,,,,,
3103,NE-3,NE,Nebraska,,,,,,,,,,,,,,,,,,,
3201,NV-1,NV,Nevada,,,,,,,,,,,,,,,,,,,
3202,NV-2,NV,Nevada,,,,,,,,,,,,,,,,,,,
3203,NV-3,NV,Nevada,,,,,,,,,,,,,,,,,,,
3204,NV-4,NV,Nevada,,,,,,,,,,,,,,,,,,,
3301,NH-1,NH,New Hampshire,,,,,,,,,,,,,,,,,,,
3302,NH-2,NH,New Hampshire,,,,,,,,,,,,,,,,,,,
3401,NJ-1,NJ,New Jersey,,,,,,,,,,,,,,,,,,,
3402,NJ-2,NJ,New Jersey,,,,,,,,,,,,,,,,,,,
3403,NJ-3,NJ,New Jersey,,,,,,,,,,,,,,,,,,,
3404,NJ-4,NJ,New Jersey,,,,,,,,,,,,,,,,,,,
3405,NJ-5,NJ,New Jersey,,,,,,,,,,,,,,,,,,,
3406,NJ-6,NJ,New Jersey,,,,,,,,,,,,,,,,,,,
3407,NJ-7,NJ,New Jersey,,,,,,,,,,,,,,,,,,,
3408,NJ-8,NJ,New Jersey,,,,,,,,,,,,,,,,,,,
3409,NJ-9,NJ,New Jersey,,,,,,,,,,,,,,,,,,,
3410,NJ-10,NJ,New Jersey,,,,,,,,,,,,,,,,,,,
3411,NJ-11,NJ,New Jersey,,,,,,,,,,,,,,,,,,,
3412,NJ-12,NJ,New Jersey,,,,,,,,,,,,,,,,,,,
3501,NM-1,NM,New Mexico,,,,,,,,,,,,,,,,,,,
3502,NM-2,NM,New Mexico,,,,,,,,,,,,,,,,,,,
3503,NM-3,NM,New Mexico,,,,,,,,,,,,,,,,,,,
3601,NY-1,NY,New York,,,,,,,,,,,,,,,,,,,
3602,NY-2,NY,New York,,,,,,,,,,,,,,,,,,,
3603,NY-3,NY,New York,,,,,,,,,,,,,,,,,,,
3604,NY-4,NY,New York,,,,,,,,,,,,,,,,,,,
3605,NY-5,NY,New York,,,,,,,,,,,,,,,,,,,
3606,NY-6,NY,New York,,,,,,,,,,,,,,,,,,,
3607,NY-7,NY,New York,,,,,,,,,,,,,,,,,,,
3608,NY-8,NY,New York,,,,,,,,,,,,,,,,,,,
3609,NY-9,NY,New York,,,,,,,,,,,,,,,,,,,
3610,NY-10,NY,New York,,,,,,,,,,,,,,,,,,,
3611,NY-11,NY,New York,,,,,,,,,,,,,,,,,,,
3612,NY-12,NY,New York,,,,,,,,,,,,,,,,,,,
3613,NY-13,NY,New York,,,,,,,,,,,,,,,,,,,
3614,NY-14,NY,New York,,,,,,,,,,,,,,,,,,,
3615,NY-15,NY,New York,,,,,,,,,,,,,,,,,,,
3616,NY-16,NY,New York,,,,,,,,,,,,,,,,,,,
3617,NY-17,NY,New York,,,,,,,,,,,,,,,,,,,
3618,NY-18,NY,New York,,,,,,,,,,,,,,,,,,,
3619,NY-19,NY,New York,,,,,,,,,,,,,,,,,,,
3620,NY-20,NY,New York,,,,,,,,,,,,,,,,,,,
3621,NY-21,NY,New York,,,,,,,,,,,,,,,,,,,
3622,NY-22,NY,New York,,,,,,,,,,,,,,,,,,,
3623,NY-23,NY,New York,,,,,,,,,,,,,,,,,,,
3624,NY-24,NY,New York,,,,,,,,,,,,,,,,,,,
3625,NY-25,NY,New York,,,,,,,,,,,,,,,,,,,
3626,NY-26,NY,New York,,,,,,,,,,,,,,,,,,,
3701,NC-1,NC,North Carolina,,,,,,,,,,,,,,,,,,,
3702,NC-2,NC,North Carolina,,,,,,,,,,,,,,,,,,,
3703,NC-3,NC,North Carolina,,,,,,,,,,,,,,,,,,,
3704,NC-4,NC,North Carolina,,,,,,,,,,,,,,,,,,,
3705,NC-5,NC,North Carolina,,,,,,,,,,,,,,,,,,,
3706,NC-6,NC,North Carolina,,,,,,,,,,,,,,,,,,,
3707,NC-7,NC,North Carolina,,,,,,,,,,,,,,,,,,,
3708,NC-8,NC,North Carolina,,,,,,,,,,,,,,,,,,,
3709,NC-9,NC,North Carolina,,,,,,,,,,,,,,,,,,,
3710,NC-10,NC,North Carolina,,,,,,,,,,,,,,,,,,,
3711,NC-11,NC,North Carolina,,,,,,,,,,,,,,,,,,,
3712,NC-12,NC,North Carolina,,,,,,,,,,,,,,,,,,,
3713,NC-13,NC,North Carolina,,,,,,,,,,,,,,,,,,,
3714,NC-14,NC,North Carolina,,,,,,,,,,,,,,,,,,,
3800,ND-AL,ND,North Dakota,,,,,,,,,,,,,,,,,,,
3901,OH-1,OH,Ohio,,,,,,,,,,,,,,,,,,,
3902,OH-2,OH,Ohio,,,,,,,,,,,,,,,,,,,
3903,OH-3,OH,Ohio,,,,,,,,,,,,,,,,,,,
3904,OH-4,OH,Ohio,,,,,,,,,,,,,,,,,,,
3905,OH-5,OH,Ohio,,,,,,,,,,,,,,,,,,,
3906,OH-6,OH,Ohio,,,,,,,,,,,,,,,,,,,
3907,OH-7,OH,Ohio,,,,,,,,,,,,,,,,,,,
3908,OH-8,OH,Ohio,,,,,,,,,,,,,,,,,,,
3909,OH-9,OH,Ohio,,,,,,,,,,,,,,,,,,,
3910,OH-10,OH,Ohio,,,,,,,,,,,,,,,,,,,
3911,OH-11,OH,Ohio,,,,,,,,,,,,,,,,,,,
3912,OH-12,OH,Ohio,,,,,,,,,,,,,,,,,,,
3913,OH-13,OH,Ohio,,,,,,,,,,,,,,,,,,,
3914,OH-14,OH,Ohio,,,,,,,,,,,,,,,,,,,
3915,OH-15,OH,Ohio,,,,,,,,,,,,,,,,,,,
4001,OK-1,OK,Oklahoma,,,,,,,,,,,,,,,,,,,
4002,OK-2,OK,Oklahoma,,,,,,,,,,,,,,,,,,,
4003,OK-3,OK,Oklahoma,,,,,,,,,,,,,,,,,,,
4004,OK-4,OK,Oklahoma,,,,,,,,,,,,,,,,,,,
4005,OK-5,OK,Oklahoma,,,,,,,,,,,,,,,,,,,
4101,OR-1,OR,Oregon,,,,,,,,,,,,,,,,,,,
4102,OR-2,OR,Oregon,,,,,,,,,,,,,,,,,,,
4103,OR-3,OR,Oregon,,,,,,,,,,,,,,,,,,,
4104,OR-4,OR,Oregon,,,,,,,,,,,,,,,,,,,
4105,OR-5,OR,Oregon,,,,,,,,,,,,,,,,,,,
4106,OR-6,OR,Oregon,,,,,,,,,,,,,,,,,,,
4201,PA-1,PA,Pennsylvania,,,,,,,,,,,,,,,,,,,
4202,PA-2,PA,Pennsylvania,,,,,,,,,,,,,,,,,,,
4203,PA-3,PA,Pennsylvania,,,,,,,,,,,,,,,,,,,
4204,PA-4,PA,Pennsylvania,,,,,,,,,,,,,,,,,,,
4205,PA-5,PA,Pennsylvania,,,,,,,,,,,,,,,,,,,
4206,PA-6,PA,Pennsylvania,,,,,,,,,,,,,,,,,,,
4207,PA-7,PA,Pennsylvania,,,,,,,,,,,,,,,,,,,
4208,PA-8,PA,Pennsylvania,,,,,,,,,,,,,,,,,,,
4209,PA-9,PA,Pennsylvania,,,,,,,,,,,,,,,,,,,
4210,PA-10,PA,Pennsylvania,,,,,,,,,,,,,,,,,,,
4211,PA-11,PA,Pennsylvania,,,,,,,,,,,,,,,,,,,
4212,PA-12,PA,Pennsylvania,,,,,,,,,,,,,,,,,,,
4213,PA-13,PA,Pennsylvania,,,,,,,,,,,,,,,,,,,
4214,PA-14,PA,Pennsylvania,,,,,,,,,,,,,,,,,,,
4215,PA-15,PA,Pennsylvania,,,,,,,,,,,,,,,,,,,
4216,PA-16,PA,Pennsylvania,,,,,,,,,,,,,,,,,,,
4217,PA-17,PA,Pennsylvania,,,,,,,,,,,,,,,,,,,
4401,RI-1,RI,Rhode Island,,,,,,,,,,,,,,,,,,,
4402,RI-2,RI,Rhode Island,,,,,,,,,,,,,,,,,,,
4501,SC-1,SC,South Carolina,,,,,,,,,,,,,,,,,,,
4502,SC-2,SC,South Carolina,,,,,,,,,,,,,,,,,,,
4503,SC-3,SC,South Carolina,,,,,,,,,,,,,,,,,,,
4504,SC-4,SC,South Carolina,,,,,,,,,,,,,,,,,,,
4505,SC-5,SC,South Carolina,,,,,,,,,,,,,,,,,,,
4506,SC-6,SC,South Carolina,,,,,,,,,,,,,,,,,,,
4507,SC-7,SC,South Carolina,,,,,,,,,,,,,,,,,,,
4600,SD-AL,SD,South Dakota,,,,,,,,,,,,,,,,,,,
4701,TN-1,TN,Tennessee,,,,,,,,,,,,,,,,,,,
4702,TN-2,TN,Tennessee,,,,,,,,,,,,,,,,,,,
4703,TN-3,TN,Tennessee,,,,,,,,,,,,,,,,,,,
4704,TN-4,TN,Tennessee,,,,,,,,,,,,,,,,,,,
4705,TN-5,TN,Tennessee,,,,,,,,,,,,,,,,,,,
4706,TN-6,TN,Tennessee,,,,,,,,,,,,,,,,,,,
4707,TN-7,TN,Tennessee,,,,,,,,,,,,,,,,,,,
4708,TN-8,TN,Tennessee,,,,,,,,,,,,,,,,,,,
4709,TN-9,TN,Tennessee,,,,,,,,,,,,,,,,,,,
4801,TX-1,TX,Texas,,,,,,,,,,,,,,,,,,,
4802,TX-2,TX,Texas,,,,,,,,,,,,,,,,,,,
4803,TX-3,TX,Texas,,,,,,,,,,,,,,,,,,,
4804,TX-4,TX,Texas,,,,,,,,,,,,,,,,,,,
4805,TX-5,TX,Texas,,,,,,,,,,,,,,,,,,,
4806,TX-6,TX,Texas,,,,,,,,,,,,,,,,,,,
4807,TX-7,TX,Texas,,,,,,,,,,,,,,,,,,,
4808,TX-8,TX,Texas,,,,,,,,,,,,,,,,,,,
4809,TX-9,TX,Texas,,,,,,,,,,,,,,,,,,,
4810,TX-10,TX,Texas,,,,,,,,,,,,,,,,,,,
4811,TX-11,TX,Texas,,,,,,,,,,,,,,,,,,,
4812,TX-12,TX,Texas,,,,,,,,,,,,,,,,,,,
4813,TX-13,TX,Texas,,,,,,,,,,,,,,,,,,,
4814,TX-14,TX,Texas,,,,,,,,,,,,,,,,,,,
4815,TX-15,TX,Texas,,,,,,,,,,,,,,,,,,,
4816,TX-16,TX,Texas,,,,,,,,,,,,,,,,,,,
4817,TX-17,TX,Texas,,,,,,,,,,,,,,,,,,,
4818,TX-18,TX,Texas,,,,,,,,,,,,,,,,,,,
4819,TX-19,TX,Texas,,,,,,,,,,,,,,,,,,,
4820,TX-20,TX,Texas,,,,,,,,,,,,,,,,,,,
4821,TX-21,TX,Texas,,,,,,,,,,,,,,,,,,,
4822,TX-22,TX,Texas,,,,,,,,,,,,,,,,,,,
4823,TX-23,TX,Texas,,,,,,,,,,,,,,,,,,,
4824,TX-24,TX,Texas,,,,,,,,,,,,,,,,,,,
4825,TX-25,TX,Texas,,,,,,,,,,,,,,,,,,,
4826,TX-26,TX,Texas,,,,,,,,,,,,,,,,,,,
4827,TX-27,TX,Texas,,,,,,,,,,,,,,,,,,,
4828,TX-28,TX,Texas,,,,,,,,,,,,,,,,,,,
4829,TX-29,TX,Texas,,,,,,,,,,,,,,,,,,,
4830,TX-30,TX,Texas,,,,,,,,,,,,,,,,,,,
4831,TX-31,TX,Texas,,,,,,,,,,,,,,,,,,,
4832,TX-32,TX,Texas,,,,,,,,,,,,,,,,,,,
4833,TX-33,TX,Texas,,,,,,,,,,,,,,,,,,,
4834,TX-34,TX,Texas,,,,,,,,,,,,,,,,,,,
4835,TX-35,TX,Texas,,,,,,,,,,,,,,,,,,,
4836,TX-36,TX,Texas,,,,,,,,,,,,,,,,,,,
4837,TX-37,TX,Texas,,,,,,,,,,,,,,,,,,,
4838,TX-38,TX,Texas,,,,,,,,,,,,,,,,,,,
4901,UT-1,UT,Utah,,,,,,,,,,,,,,,,,,,
4902,UT-2,UT,Utah,,,,,,,,,,,,,,,,,,,
4903,UT-3,UT,Utah,,,,,,,,,,,,,,,,,,,
4904,UT-4,UT,Utah,,,,,,,,,,,,,,,,,,,
5000,VT-AL,VT,Vermont,,,,,,,,,,,,,,,,,,,
5101,VA-1,VA,Virginia,,,,,,,,,,,,,,,,,,,
5102,VA-2,VA,Virginia,,,,,,,,,,,,,,,,,,,
5103,VA-3,VA,Virginia,,,,,,,,,,,,,,,,,,,
5104,VA-4,VA,Virginia,,,,,,,,,,,,,,,,,,,
5105,VA-5,VA,Virginia,,,,,,,,,,,,,,,,,,,
5106,VA-6,VA,Virginia,,,,,,,,,,,,,,,,,,,
5107,VA-7,VA,Virginia,,,,,,,,,,,,,,,,,,,
5108,VA-8,VA,Virginia,,,,,,,,,,,,,,,,,,,
5109,VA-9,VA,Virginia,,,,,,,,,,,,,,,,,,,
5110,VA-10,VA,Virginia,,,,,,,,,,,,,,,,,,,
5111,VA-11,VA,Virginia,,,,,,,,,,,,,,,,,,,
5301,WA-1,WA,Washington,,,,,,,,,,,,,,,,,,,
5302,WA-2,WA,Washington,,,,,,,,,,,,,,,,,,,
5303,WA-3,WA,Washington,,,,,,,,,,,,,,,,,,,
5304,WA-4,WA,Washington,,,,,,,,,,,,,,,,,,,
5305,WA-5,WA,Washington,,,,,,,,,,,,,,,,,,,
5306,WA-6,WA,Washington,,,,,,,,,,,,,,,,,,,
5307,WA-7,WA,Washington,,,,,,,,,,,,,,,,,,,
5308,WA-8,WA,Washington,,,,,,,,,,,,,,,,,,,
5309,WA-9,WA,Washington,,,,,,,,,,,,,,,,,,,
5310,WA-10,WA,Washington,,,,,,,,,,,,,,,,,,,
5401,WV-1,WV,West Virginia,,,,,,,,,,,,,,,,,,,
5402,WV-2,WV,West Virginia,,,,,,,,,,,,,,,,,,,
5501,WI-1,WI,Wisconsin,,,,,,,,,,,,,,,,,,,
5502,WI-2,WI,Wisconsin,,,,,,,,,,,,,,,,,,,
5503,WI-3,WI,Wisconsin,,,,,,,,,,,,,,,,,,,
5504,WI-4,WI,Wisconsin,,,,,,,,,,,,,,,,,,,
5505,WI-5,WI,Wisconsin,,,,,,,,,,,,,,,,,,,
5506,WI-6,WI,Wisconsin,,,,,,,,,,,,,,,,,,,
5507,WI-7,WI,Wisconsin,,,,,,,,,,,,,,,,,,,
5508,WI-8,WI,Wisconsin,,,,,,,,,,,,,,,,,,,
5600,WY-AL,WY,Wyoming,,,,,,,,,,,,,,,,,,,
